Vertex Category,Sl. No.,Description,Latitude,Longitude,Remarks/Comments,VT1,VT2,CC1P,CC2P,CC1D,CC2D,Multimodal Compatibility for Air,Multimodal Compatibility for Water,Multimodal Compatibility for Rail,Multimodal Compatibility for Road
Vehicle Depot,VD1,Vehicle Depot 1 Name,-21.35784624,40.06919555,Accessibility for depots is defined according to vehicles available.,0,2,0,0,0,0,1,1,1,1
Vehicle Depot,VD2,Vehicle Depot 2 Name,-67.38052779,-2.040741096,Accessibility for depots is defined according to vehicles available.,2,0,0,0,0,0,1,0,1,1
WareHouse,WH1,WareHouse 1 Name,-63.9905725,40.72700208,,0,0,0,0,802,715,0,0,0,1
WareHouse,WH2,WareHouse 2 Name,86.63083718,-35.22002562,,0,0,0,0,582,562,0,1,0,1
Simultaneous Node,NM1,Simultaneous Node 1 Name,49.08944539,61.65485713,,0,0,29,61,74,34,1,0,1,1
Simultaneous Node,NM2,Simultaneous Node 2 Name,46.48209935,-13.90012537,,0,0,88,88,69,70,0,0,1,1
Split Node,NP1,Split Node 1 Name,-83.09810343,48.48114249,,0,0,6,85,62,59,0,1,0,1
Split Node,NP2,Split Node 2 Name,-45.79887403,56.22830193,,0,0,82,44,42,25,0,0,1,1
Relief Centre,RC1,Relief Centre 1 Name,77.01292776,-72.70050334,,0,0,41,835,0,0,1,0,0,1
Relief Centre,RC2,Relief Centre 2 Name,-2.86488765,-36.36306017,,0,0,797,732,0,0,1,0,0,1
Vehicle Depot,VD3,Vehicle Depot 13Name,-25,42,Accessibility for depots is defined according to vehicles available.,1,1,0,0,0,0,1,1,1,1
WareHouse,WH3,WareHouse 3 Name,-50,34,,0,0,0,0,500,500,0,0,0,1
Simultaneous Node,NM3,Simultaneous Node 3 Name,32,54,,0,0,43,34,62,18,1,0,1,1
Split Node,NP3,Split Node 3 Name,-75,10,,0,0,12,43,32,80,0,1,0,1
Relief Centre,RC3,Relief Centre 3 Name,53,-34,,0,0,13,200,0,0,1,0,0,1
Vehicle Depot,VD4,Vehicle Depot  4Name,-12,60,Accessibility for depots is defined according to vehicles available.,1,0,0,0,0,0,1,1,1,1
WareHouse,WH4,WareHouse 4 Name,90,-36,,0,0,0,0,600,600,0,1,0,1
Simultaneous Node,NM4,Simultaneous Node  4 Name,65,23,,0,0,32,41,92,18,1,0,1,1
Split Node,NP4,Split Node 4 Name,-32,56,,0,0,76,32,41,13,0,0,1,1
Relief Centre,RC4,Relief Centre 4 Name,-7,-32,,0,0,700,988,0,0,1,0,0,1
Vehicle Depot,VD5,Vehicle Depot  5 Name,-21,45,Accessibility for depots is defined according to vehicles available.,2,2,0,0,0,0,1,1,1,1
WareHouse,WH5,WareHouse 5 Name,78,-34,,0,0,0,0,345,389,0,1,0,1
Simultaneous Node,NM5,Simultaneous Node  5 Name,51,34,,0,0,34,67,89,12,1,0,1,1
Split Node,NP5,Split Node 5 Name,-39,63,,0,0,19,45,87,45,0,0,1,1
Relief Centre,RC5,Relief Centre 45Name,-15,-35,,0,0,400,788,0,0,1,0,0,1
Vehicle Depot,VD6,Vehicle Depot  6 Name,-43,46,Accessibility for depots is defined according to vehicles available.,1,0,0,0,0,0,1,1,1,1
WareHouse,WH6,WareHouse 6 Name,43,-45,,0,0,0,0,240,300,0,1,0,1
Simultaneous Node,NM6,Simultaneous Node  6 Name,32,67,,0,0,12,21,29,13,1,0,1,1